,"MSE(GT,blurred)","MSE(Res*K, blurred)","SSIM(GT,blurred)","SSIM(Res*K, blurred)"
0,0.02172805848832701,0.0009931226543153121,0.5905385790750484,0.9848667915529038
1,0.008370923149247329,0.0003986946983951394,0.6971660951525909,0.9507920915427974
2,0.019112281549044815,0.0005598749873108714,0.3043588733519707,0.9479796767681803
3,0.003952724856915239,0.0002989907440565516,0.8232112890277428,0.9947988779933
